Order_ID,Date,Region,Product,Quantity,Revenue,Customer_Type
736,2025-01-01,South,Monitor,5,1464.29,Returning
136,2025-01-01,East,Accessories,3,748.71,New
657,2025-01-01,South,Accessories,1,854.3,New
250,2025-01-01,East,Phone,4,846.93,New
432,2025-01-01,North,Phone,4,536.73,New
105,2025-01-01,East,Tablet,3,64.63,Returning
626,2025-01-01,East,Laptop,5,616.36,Returning
210,2025-01-01,West,Laptop,1,646.9,Returning
826,2025-01-01,North,Accessories,4,595.97,New
263,2025-01-01,West,Monitor,3,1070.5,New
177,2025-01-01,South,Phone,2,191.4,New
994,2025-01-01,North,Laptop,3,1316.01,Returning
717,2025-01-01,West,Monitor,2,738.68,New
848,2025-01-01,North,Monitor,2,1076.78,New
951,2025-01-01,North,Laptop,2,688.08,Returning
434,2025-01-01,South,Monitor,3,879.27,Returning
438,2025-01-01,South,Accessories,5,1313.63,New
474,2025-01-01,North,Laptop,1,234.71,New
861,2025-01-02,North,Tablet,2,1286.82,New
480,2025-01-02,North,Laptop,2,752.3,Returning
262,2025-01-02,South,Phone,4,980.37,Returning
55,2025-01-02,South,Monitor,3,1436.66,New
68,2025-01-02,South,Monitor,1,1276.48,Returning
971,2025-01-02,North,Accessories,2,893.05,Returning
504,2025-01-02,South,Monitor,3,1074.62,Returning
968,2025-01-02,North,Monitor,1,115.61,New
212,2025-01-02,East,Monitor,4,674.28,New
19,2025-01-02,South,Laptop,5,116.78,New
206,2025-01-02,North,Accessories,4,321.03,New
359,2025-01-02,North,Phone,1,905.84,Returning
201,2025-01-02,East,Accessories,5,1283.49,New
15,2025-01-02,South,Phone,1,1187.41,Returning
207,2025-01-02,West,Phone,4,78.7,Returning
724,2025-01-03,West,Accessories,2,290.73,New
919,2025-01-03,West,Monitor,4,1478.03,New
959,2025-01-03,East,Tablet,2,219.54,Returning
12,2025-01-03,East,Laptop,1,1290.05,Returning
202,2025-01-03,South,Tablet,3,1473.76,Returning
41,2025-01-03,South,Monitor,2,449.54,New
273,2025-01-03,South,Accessories,3,219.75,Returning
235,2025-01-03,North,Laptop,2,702.67,Returning
750,2025-01-03,East,Laptop,3,490.25,New
867,2025-01-03,East,Monitor,2,537.21,New
135,2025-01-03,North,Tablet,1,961.23,Returning
181,2025-01-03,East,Accessories,5,824.72,Returning
659,2025-01-03,North,Phone,1,1224.87,New
627,2025-01-03,West,Tablet,1,150.53,Returning
606,2025-01-04,South,Phone,4,490.84,New
928,2025-01-04,South,Monitor,3,700.73,New
71,2025-01-04,North,Laptop,2,1243.58,New
740,2025-01-04,South,Tablet,2,160.9,Returning
150,2025-01-04,South,Monitor,2,1215.1,Returning
48,2025-01-04,East,Accessories,2,1358.24,Returning
912,2025-01-04,West,Tablet,2,453.29,New
326,2025-01-04,West,Phone,2,1333.2,Returning
806,2025-01-04,West,Accessories,2,860.21,Returning
807,2025-01-04,East,Phone,5,588.2,New
476,2025-01-04,West,Tablet,3,820.79,New
784,2025-01-04,East,Monitor,4,795.08,Returning
67,2025-01-04,North,Phone,5,1360.45,New
827,2025-01-05,East,Phone,5,386.48,New
115,2025-01-05,West,Accessories,4,933.96,New
701,2025-01-05,North,Laptop,1,1052.26,Returning
942,2025-01-05,North,Tablet,2,1304.2,New
819,2025-01-05,North,Accessories,2,804.11,New
137,2025-01-05,West,Accessories,1,574.48,Returning
410,2025-01-05,East,Accessories,1,607.97,New
755,2025-01-05,West,Laptop,4,690.53,Returning
575,2025-01-05,West,Phone,5,1171.81,Returning
594,2025-01-05,South,Phone,4,1134.61,New
782,2025-01-05,North,Laptop,3,1062.87,New
964,2025-01-05,South,Monitor,5,966.75,New
723,2025-01-05,East,Accessories,3,1478.69,New
69,2025-01-06,North,Laptop,2,631.37,Returning
334,2025-01-06,West,Laptop,5,1482.11,Returning
167,2025-01-06,North,Accessories,4,749.63,New
898,2025-01-06,West,Monitor,1,328.85,Returning
692,2025-01-06,North,Phone,5,777.28,New
412,2025-01-06,West,Monitor,2,672.93,Returning
635,2025-01-06,North,Monitor,5,599.74,New
961,2025-01-06,East,Laptop,3,1427.35,New
930,2025-01-06,South,Phone,5,324.62,Returning
924,2025-01-06,East,Laptop,2,397.98,Returning
794,2025-01-06,North,Monitor,1,1401.87,New
720,2025-01-06,North,Accessories,5,158.49,New
514,2025-01-07,North,Laptop,5,966.38,Returning
866,2025-01-07,East,Accessories,4,362.48,New
258,2025-01-07,North,Phone,3,1058.91,New
43,2025-01-07,North,Accessories,5,1489.04,Returning
374,2025-01-07,South,Accessories,4,1094.82,Returning
118,2025-01-07,South,Tablet,4,416.58,New
585,2025-01-07,East,Laptop,2,1294.27,Returning
302,2025-01-07,North,Laptop,5,793.45,Returning
106,2025-01-08,East,Laptop,5,684.35,Returning
509,2025-01-08,North,Accessories,2,1397.47,New
111,2025-01-08,South,Monitor,1,1111.0,Returning
893,2025-01-08,West,Monitor,5,475.98,New
301,2025-01-08,East,Laptop,5,1235.02,Returning
805,2025-01-08,South,Accessories,5,886.09,New
849,2025-01-08,North,Monitor,3,739.75,Returning
60,2025-01-08,North,Laptop,2,1092.78,New
380,2025-01-08,West,Monitor,1,692.79,Returning
407,2025-01-08,North,Accessories,1,715.82,Returning
315,2025-01-08,North,Phone,4,566.16,New
937,2025-01-08,South,Laptop,4,476.69,Returning
674,2025-01-08,North,Tablet,3,976.6,Returning
671,2025-01-08,North,Accessories,4,709.57,New
599,2025-01-08,East,Monitor,3,1359.49,Returning
103,2025-01-09,North,Phone,4,340.81,New
581,2025-01-09,South,Laptop,4,652.1,New
269,2025-01-09,East,Monitor,1,812.35,Returning
363,2025-01-09,East,Accessories,3,354.54,Returning
185,2025-01-09,North,Accessories,3,749.28,New
590,2025-01-09,North,Laptop,3,1117.53,Returning
141,2025-01-09,West,Accessories,2,862.13,Returning
430,2025-01-09,North,Phone,1,403.41,New
52,2025-01-09,East,Accessories,4,1267.73,New
918,2025-01-09,West,Laptop,2,834.45,Returning
553,2025-01-09,East,Tablet,5,243.79,Returning
977,2025-01-09,East,Phone,3,862.84,Returning
990,2025-01-09,West,Laptop,4,1064.57,Returning
785,2025-01-10,East,Monitor,1,1359.78,New
471,2025-01-10,East,Accessories,4,724.33,New
467,2025-01-10,North,Tablet,1,1328.27,New
966,2025-01-10,North,Monitor,4,615.67,New
888,2025-01-10,South,Monitor,3,176.95,Returning
523,2025-01-10,North,Monitor,2,1032.34,New
698,2025-01-10,North,Laptop,5,231.57,New
963,2025-01-10,South,Laptop,4,1114.13,Returning
957,2025-01-11,West,Monitor,5,301.35,Returning
251,2025-01-11,East,Monitor,1,1050.18,New
706,2025-01-11,South,Phone,5,235.51,Returning
109,2025-01-11,West,Tablet,2,327.12,Returning
229,2025-01-11,South,Monitor,1,921.6,Returning
265,2025-01-12,East,Accessories,4,867.31,New
949,2025-01-12,West,Accessories,3,483.34,Returning
561,2025-01-12,West,Phone,3,1134.94,New
431,2025-01-12,North,Laptop,1,438.02,New
199,2025-01-12,South,Monitor,2,503.65,Returning
828,2025-01-12,South,Phone,4,434.79,Returning
549,2025-01-12,West,Monitor,2,1100.3,Returning
664,2025-01-12,North,Phone,1,706.72,Returning
121,2025-01-12,South,Accessories,4,538.6,New
752,2025-01-12,North,Phone,1,54.55,New
502,2025-01-12,East,Phone,4,1107.39,Returning
534,2025-01-12,South,Accessories,5,927.85,Returning
484,2025-01-12,East,Monitor,3,72.49,Returning
492,2025-01-12,North,Tablet,1,841.1,New
545,2025-01-13,North,Laptop,2,318.79,Returning
884,2025-01-13,East,Tablet,5,580.53,New
501,2025-01-13,West,Tablet,5,151.51,New
156,2025-01-13,South,Phone,2,125.25,New
620,2025-01-13,West,Phone,3,242.33,Returning
536,2025-01-13,East,Laptop,1,1172.74,New
969,2025-01-13,East,Laptop,3,365.97,Returning
418,2025-01-13,East,Laptop,3,834.99,New
689,2025-01-13,South,Accessories,2,407.11,Returning
587,2025-01-13,East,Monitor,5,672.03,New
372,2025-01-13,North,Monitor,4,1416.67,Returning
762,2025-01-14,South,Phone,1,553.24,New
297,2025-01-14,East,Phone,1,1340.58,New
953,2025-01-14,North,Phone,2,1413.32,Returning
574,2025-01-14,East,Tablet,3,1190.73,Returning
654,2025-01-14,East,Phone,3,984.17,New
863,2025-01-14,North,Accessories,4,1494.78,Returning
51,2025-01-14,East,Tablet,4,89.9,Returning
382,2025-01-14,West,Accessories,2,419.58,New
80,2025-01-14,South,Phone,3,578.31,Returning
139,2025-01-14,East,Monitor,1,966.63,Returning
855,2025-01-14,West,Laptop,5,1021.55,Returning
2,2025-01-15,North,Laptop,4,1452.23,New
871,2025-01-15,West,Phone,2,324.25,Returning
33,2025-01-15,East,Monitor,2,767.28,Returning
979,2025-01-15,West,Laptop,3,169.96,New
655,2025-01-15,East,Tablet,1,1462.66,New
152,2025-01-15,West,Laptop,4,231.43,Returning
143,2025-01-15,West,Accessories,5,1077.31,Returning
385,2025-01-15,West,Phone,5,1315.32,New
404,2025-01-15,North,Monitor,4,651.05,Returning
98,2025-01-15,North,Monitor,1,821.43,New
82,2025-01-15,East,Phone,1,1325.27,Returning
230,2025-01-16,North,Tablet,2,1486.02,Returning
381,2025-01-16,East,Tablet,5,852.4,New
259,2025-01-16,North,Accessories,1,714.13,New
804,2025-01-16,East,Monitor,1,925.58,New
439,2025-01-16,South,Laptop,5,1034.52,Returning
417,2025-01-16,South,Phone,2,480.34,Returning
660,2025-01-16,South,Accessories,5,650.05,Returning
448,2025-01-16,West,Monitor,3,1060.11,Returning
459,2025-01-16,South,Phone,4,1175.91,New
477,2025-01-16,East,Laptop,5,790.31,Returning
559,2025-01-16,North,Monitor,4,823.21,Returning
666,2025-01-16,North,Accessories,4,137.88,Returning
567,2025-01-16,West,Monitor,5,999.33,New
683,2025-01-17,North,Phone,2,911.42,New
223,2025-01-17,North,Monitor,5,1473.97,New
361,2025-01-17,North,Tablet,5,730.81,Returning
878,2025-01-17,West,Laptop,1,994.7,Returning
421,2025-01-17,South,Laptop,4,1112.0,Returning
757,2025-01-17,North,Monitor,4,623.78,Returning
330,2025-01-17,West,Accessories,2,1190.82,New
304,2025-01-17,North,Laptop,4,1494.58,Returning
789,2025-01-17,East,Laptop,3,1117.55,New
787,2025-01-17,North,Monitor,5,1235.89,Returning
584,2025-01-17,South,Monitor,5,963.56,New
540,2025-01-17,East,Laptop,5,495.01,Returning
602,2025-01-17,East,Monitor,4,1027.68,New
976,2025-01-17,North,Monitor,4,645.74,New
732,2025-01-17,North,Accessories,1,1248.6,New
883,2025-01-17,West,Accessories,3,1394.67,New
74,2025-01-18,East,Accessories,1,346.47,Returning
286,2025-01-18,East,Tablet,1,835.89,Returning
47,2025-01-18,East,Laptop,2,1278.54,New
651,2025-01-18,South,Accessories,2,1391.32,New
890,2025-01-18,North,Phone,3,656.94,New
704,2025-01-18,West,Accessories,5,1414.12,New
579,2025-01-18,North,Laptop,1,722.79,Returning
869,2025-01-18,South,Phone,3,1171.4,Returning
346,2025-01-18,East,Phone,4,646.44,Returning
242,2025-01-19,North,Accessories,3,894.17,New
270,2025-01-19,East,Phone,5,411.81,Returning
946,2025-01-19,East,Tablet,4,567.31,Returning
610,2025-01-19,East,Tablet,3,1281.31,Returning
547,2025-01-19,North,Tablet,5,1299.19,Returning
420,2025-01-19,East,Phone,1,650.59,Returning
239,2025-01-19,South,Accessories,4,1469.49,New
423,2025-01-19,West,Tablet,4,226.17,Returning
817,2025-01-19,West,Tablet,5,86.59,New
648,2025-01-19,East,Tablet,1,575.53,New
616,2025-01-19,South,Tablet,5,74.87,Returning
325,2025-01-19,East,Monitor,4,532.9,New
472,2025-01-19,South,Monitor,5,1317.55,New
551,2025-01-19,West,Monitor,5,858.99,Returning
211,2025-01-19,East,Accessories,3,1405.74,Returning
948,2025-01-20,North,Accessories,1,477.85,New
622,2025-01-20,East,Phone,5,57.75,Returning
649,2025-01-20,North,Tablet,3,1302.28,New
274,2025-01-20,West,Accessories,3,701.17,Returning
300,2025-01-20,South,Laptop,4,1298.91,Returning
243,2025-01-20,West,Accessories,4,346.44,New
236,2025-01-20,North,Accessories,3,1466.8,Returning
378,2025-01-20,South,Monitor,4,61.55,New
824,2025-01-21,West,Monitor,4,920.41,Returning
521,2025-01-21,West,Accessories,3,805.56,Returning
298,2025-01-21,West,Phone,3,172.24,New
318,2025-01-21,East,Tablet,3,1371.19,Returning
718,2025-01-21,East,Accessories,4,130.07,Returning
5,2025-01-21,West,Tablet,2,1170.98,Returning
44,2025-01-21,West,Phone,2,610.17,New
22,2025-01-21,West,Accessories,2,796.29,New
909,2025-01-21,South,Laptop,1,552.98,Returning
818,2025-01-21,North,Accessories,5,416.34,Returning
643,2025-01-21,East,Monitor,5,718.69,New
310,2025-01-22,East,Phone,4,998.29,New
26,2025-01-22,South,Tablet,1,634.01,New
13,2025-01-22,South,Laptop,3,924.44,New
908,2025-01-22,West,Monitor,2,837.38,Returning
997,2025-01-22,North,Tablet,1,863.82,Returning
823,2025-01-22,North,Accessories,3,954.04,New
396,2025-01-22,North,Phone,4,162.58,New
444,2025-01-22,South,Accessories,5,842.69,Returning
868,2025-01-23,East,Monitor,4,725.24,Returning
965,2025-01-23,South,Monitor,3,896.23,New
537,2025-01-23,North,Phone,1,1286.25,Returning
726,2025-01-23,East,Tablet,2,62.62,New
531,2025-01-23,East,Monitor,1,616.59,New
466,2025-01-23,East,Monitor,4,1086.23,Returning
800,2025-01-23,East,Monitor,3,1288.68,Returning
429,2025-01-23,South,Monitor,2,292.05,New
759,2025-01-23,East,Laptop,3,458.78,Returning
151,2025-01-23,North,Phone,3,226.94,Returning
566,2025-01-23,North,Tablet,3,453.76,Returning
356,2025-01-23,West,Monitor,1,1188.39,New
255,2025-01-23,South,Tablet,1,1392.01,Returning
125,2025-01-23,South,Phone,5,1155.6,Returning
190,2025-01-24,North,Tablet,2,378.75,Returning
669,2025-01-24,West,Phone,1,298.58,New
225,2025-01-24,East,Laptop,3,1113.56,New
11,2025-01-24,East,Tablet,5,1157.19,New
478,2025-01-24,West,Laptop,2,1239.87,Returning
336,2025-01-24,North,Monitor,3,1167.58,New
352,2025-01-24,North,Monitor,1,259.36,Returning
525,2025-01-24,East,Laptop,1,71.21,New
483,2025-01-24,West,Laptop,3,989.27,Returning
923,2025-01-24,West,Tablet,1,289.08,Returning
916,2025-01-24,North,Accessories,1,179.04,New
371,2025-01-24,West,Tablet,1,1190.46,New
530,2025-01-24,West,Accessories,4,553.1,New
92,2025-01-24,West,Laptop,4,721.78,Returning
278,2025-01-24,South,Tablet,5,59.69,Returning
980,2025-01-24,South,Accessories,2,418.21,Returning
275,2025-01-24,North,Phone,2,937.77,Returning
886,2025-01-25,West,Phone,5,1136.67,New
882,2025-01-25,North,Monitor,4,1260.85,Returning
370,2025-01-25,West,Tablet,5,798.82,Returning
285,2025-01-25,East,Monitor,5,1407.59,New
809,2025-01-25,West,Accessories,4,416.56,Returning
696,2025-01-25,South,Laptop,3,1210.11,New
562,2025-01-25,South,Phone,5,376.31,New
392,2025-01-25,South,Phone,2,443.67,Returning
631,2025-01-25,South,Tablet,3,250.73,New
347,2025-01-25,North,Monitor,4,1316.9,New
368,2025-01-26,East,Laptop,3,1389.84,New
747,2025-01-26,North,Phone,3,276.17,New
447,2025-01-26,South,Tablet,4,1420.42,New
938,2025-01-26,South,Tablet,4,216.46,Returning
862,2025-01-26,East,Tablet,1,1396.16,Returning
708,2025-01-26,North,Phone,1,681.32,New
944,2025-01-26,West,Tablet,2,1089.82,Returning
93,2025-01-26,West,Laptop,4,115.83,Returning
510,2025-01-26,South,Laptop,3,599.88,Returning
846,2025-01-26,East,Accessories,1,1406.0,New
900,2025-01-26,East,Accessories,2,948.44,Returning
838,2025-01-26,South,Tablet,2,905.42,Returning
184,2025-01-27,North,Monitor,3,497.81,New
178,2025-01-27,East,Monitor,3,860.52,New
836,2025-01-27,North,Phone,1,1390.56,New
358,2025-01-27,South,Tablet,1,341.59,Returning
592,2025-01-27,West,Accessories,5,1016.82,Returning
681,2025-01-27,North,Phone,3,1123.82,Returning
140,2025-01-27,West,Laptop,4,238.41,Returning
812,2025-01-27,South,Tablet,1,539.35,New
317,2025-01-27,North,Laptop,2,161.86,New
316,2025-01-27,East,Accessories,2,72.93,New
713,2025-01-27,East,Phone,4,850.22,New
678,2025-01-28,North,Accessories,2,1259.0,New
857,2025-01-28,East,Accessories,1,1171.65,New
670,2025-01-28,East,Accessories,2,707.69,Returning
874,2025-01-28,South,Accessories,2,935.62,New
555,2025-01-28,East,Monitor,3,703.63,New
117,2025-01-28,South,Phone,5,1236.14,New
169,2025-01-28,South,Tablet,1,611.49,Returning
168,2025-01-28,North,Monitor,2,784.68,New
161,2025-01-28,North,Phone,2,222.37,New
320,2025-01-28,North,Tablet,1,665.92,Returning
452,2025-01-29,East,Accessories,2,1471.63,Returning
518,2025-01-29,North,Accessories,2,892.47,Returning
595,2025-01-29,East,Accessories,1,1228.43,New
688,2025-01-29,West,Laptop,4,943.66,Returning
500,2025-01-29,East,Laptop,3,697.26,Returning
97,2025-01-29,West,Monitor,5,842.72,New
783,2025-01-29,West,Phone,1,653.41,New
154,2025-01-29,South,Laptop,1,549.68,New
319,2025-01-30,East,Accessories,1,564.55,Returning
700,2025-01-30,North,Laptop,1,363.53,New
771,2025-01-30,North,Monitor,4,1413.61,Returning
17,2025-01-30,North,Tablet,4,850.39,New
419,2025-01-30,North,Accessories,1,550.58,New
332,2025-01-30,East,Laptop,1,794.74,New
779,2025-01-30,North,Tablet,5,219.67,New
539,2025-01-30,East,Phone,2,1149.49,New
172,2025-01-30,South,Accessories,4,1184.15,Returning
311,2025-01-30,East,Accessories,4,1236.64,Returning
256,2025-01-31,West,Phone,3,149.08,New
609,2025-01-31,South,Accessories,3,1342.98,New
656,2025-01-31,East,Accessories,4,151.21,Returning
920,2025-01-31,West,Monitor,2,1411.54,New
481,2025-02-01,East,Monitor,4,69.38,Returning
387,2025-02-01,North,Phone,3,363.29,New
218,2025-02-01,South,Monitor,3,533.52,New
268,2025-02-01,South,Phone,5,896.16,New
193,2025-02-01,East,Monitor,1,1031.87,Returning
639,2025-02-01,West,Monitor,3,730.46,Returning
342,2025-02-01,West,Laptop,5,1377.12,New
157,2025-02-01,East,Accessories,4,256.15,New
743,2025-02-01,South,Tablet,4,192.95,Returning
216,2025-02-01,East,Laptop,1,565.99,New
353,2025-02-01,East,Accessories,2,1186.78,New
813,2025-02-01,North,Phone,3,1107.72,New
123,2025-02-02,East,Tablet,1,638.34,Returning
488,2025-02-02,East,Monitor,5,744.93,Returning
685,2025-02-02,West,Monitor,2,146.47,New
487,2025-02-02,East,Accessories,1,110.88,Returning
246,2025-02-02,North,Laptop,3,927.95,New
906,2025-02-02,South,Laptop,2,710.65,Returning
716,2025-02-02,South,Laptop,2,293.77,New
277,2025-02-02,South,Phone,5,1411.63,Returning
465,2025-02-02,South,Tablet,4,371.76,Returning
23,2025-02-02,West,Tablet,5,1222.0,Returning
702,2025-02-02,West,Phone,5,924.41,Returning
296,2025-02-02,East,Monitor,4,524.21,New
294,2025-02-02,West,Laptop,5,772.16,New
305,2025-02-02,North,Accessories,1,382.3,New
114,2025-02-02,North,Laptop,5,1150.65,New
960,2025-02-02,South,Laptop,5,1039.12,New
344,2025-02-02,East,Accessories,1,100.76,New
633,2025-02-02,North,Laptop,3,875.75,Returning
495,2025-02-02,South,Phone,5,794.38,Returning
362,2025-02-02,West,Tablet,3,91.05,New
122,2025-02-03,West,Accessories,3,1499.34,Returning
435,2025-02-03,West,Phone,1,1480.06,Returning
748,2025-02-03,North,Monitor,1,743.82,Returning
744,2025-02-03,East,Phone,1,1252.51,Returning
77,2025-02-03,West,Monitor,1,911.01,Returning
892,2025-02-03,North,Monitor,1,531.7,Returning
513,2025-02-03,North,Monitor,2,591.2,New
793,2025-02-03,South,Laptop,2,1456.84,New
469,2025-02-03,North,Phone,4,1061.05,New
831,2025-02-03,West,Accessories,5,476.23,Returning
991,2025-02-03,West,Accessories,4,944.57,New
505,2025-02-04,East,Phone,3,593.0,Returning
982,2025-02-04,South,Laptop,4,193.17,Returning
691,2025-02-04,North,Accessories,2,915.33,Returning
113,2025-02-04,East,Accessories,1,653.12,Returning
290,2025-02-04,South,Laptop,3,945.01,New
327,2025-02-04,West,Accessories,3,605.76,Returning
486,2025-02-04,South,Monitor,1,351.54,New
62,2025-02-04,West,Laptop,4,669.88,New
112,2025-02-04,East,Monitor,4,978.92,Returning
131,2025-02-04,West,Tablet,2,79.97,New
993,2025-02-04,North,Phone,5,373.44,New
576,2025-02-04,South,Monitor,5,1134.37,Returning
528,2025-02-05,North,Phone,5,610.6,New
647,2025-02-05,East,Accessories,3,1257.61,Returning
376,2025-02-05,South,Phone,5,696.99,Returning
519,2025-02-05,North,Monitor,4,667.8,Returning
847,2025-02-05,West,Laptop,4,594.92,New
522,2025-02-05,South,Monitor,4,557.79,Returning
238,2025-02-05,South,Phone,4,844.29,New
281,2025-02-05,West,Phone,3,591.65,New
607,2025-02-05,East,Accessories,3,511.25,New
672,2025-02-05,South,Monitor,3,1044.27,New
922,2025-02-05,South,Monitor,2,337.81,Returning
65,2025-02-05,East,Laptop,4,258.53,Returning
155,2025-02-05,North,Monitor,3,94.74,New
187,2025-02-06,South,Monitor,4,1444.19,Returning
533,2025-02-06,South,Phone,4,424.43,New
128,2025-02-06,West,Accessories,2,602.0,Returning
956,2025-02-06,East,Phone,5,1242.62,New
596,2025-02-06,East,Phone,2,1074.91,Returning
335,2025-02-06,West,Tablet,1,472.67,Returning
728,2025-02-06,West,Accessories,2,350.55,Returning
267,2025-02-06,North,Phone,1,1024.48,Returning
282,2025-02-07,North,Laptop,4,123.21,New
18,2025-02-07,North,Monitor,1,1216.89,New
597,2025-02-07,North,Monitor,4,1452.53,Returning
312,2025-02-07,North,Monitor,4,122.53,New
768,2025-02-07,West,Phone,2,233.22,Returning
634,2025-02-07,South,Monitor,5,1309.2,Returning
766,2025-02-07,West,Monitor,1,338.91,New
981,2025-02-07,East,Monitor,1,1180.98,Returning
955,2025-02-07,East,Monitor,2,1301.55,Returning
776,2025-02-07,North,Phone,5,861.39,Returning
224,2025-02-07,East,Accessories,3,1188.05,New
870,2025-02-07,South,Tablet,5,1376.7,New
876,2025-02-08,East,Monitor,5,130.51,New
464,2025-02-08,West,Laptop,1,1334.15,New
248,2025-02-08,North,Tablet,5,1123.23,New
569,2025-02-08,East,Accessories,3,141.55,Returning
625,2025-02-08,East,Tablet,4,633.39,Returning
573,2025-02-08,South,Phone,2,1475.79,Returning
366,2025-02-08,South,Accessories,3,66.66,Returning
746,2025-02-08,South,Accessories,4,944.97,New
46,2025-02-08,East,Accessories,2,652.63,Returning
613,2025-02-08,West,Tablet,2,166.32,New
617,2025-02-08,East,Phone,3,1379.07,Returning
200,2025-02-08,South,Monitor,1,1406.18,Returning
894,2025-02-09,East,Tablet,3,110.17,Returning
247,2025-02-09,West,Laptop,4,799.35,Returning
588,2025-02-09,North,Tablet,4,341.54,Returning
415,2025-02-09,North,Laptop,5,821.24,New
970,2025-02-09,North,Monitor,5,72.01,New
921,2025-02-09,West,Tablet,1,706.58,New
87,2025-02-09,North,Tablet,5,1103.79,New
496,2025-02-09,West,Tablet,2,1484.37,New
995,2025-02-09,East,Tablet,5,1194.76,Returning
897,2025-02-10,West,Accessories,5,997.41,New
293,2025-02-10,South,Accessories,1,1014.24,New
679,2025-02-10,North,Monitor,5,981.74,Returning
116,2025-02-10,East,Tablet,3,1349.26,New
96,2025-02-10,North,Phone,5,618.14,New
145,2025-02-11,North,Accessories,5,1460.01,Returning
257,2025-02-11,South,Laptop,5,674.04,New
896,2025-02-11,West,Tablet,3,916.07,New
367,2025-02-11,East,Monitor,3,642.73,Returning
402,2025-02-11,West,Monitor,1,549.93,Returning
589,2025-02-11,East,Tablet,5,795.59,Returning
821,2025-02-11,South,Tablet,4,903.95,Returning
30,2025-02-11,South,Monitor,5,273.02,Returning
571,2025-02-11,North,Phone,2,1241.39,New
163,2025-02-11,East,Phone,4,1023.03,Returning
364,2025-02-12,South,Accessories,1,457.51,Returning
498,2025-02-12,West,Monitor,3,1416.69,New
491,2025-02-12,South,Phone,4,1279.5,New
153,2025-02-12,East,Tablet,4,1283.18,New
798,2025-02-12,North,Accessories,3,1289.32,Returning
170,2025-02-13,South,Accessories,5,1364.53,New
881,2025-02-13,North,Laptop,1,1291.92,Returning
941,2025-02-13,East,Accessories,2,720.47,Returning
59,2025-02-13,East,Laptop,4,675.5,New
637,2025-02-13,North,Accessories,2,946.86,New
499,2025-02-13,East,Phone,3,112.11,New
214,2025-02-13,West,Monitor,2,927.98,New
76,2025-02-13,South,Accessories,4,478.76,New
129,2025-02-13,South,Laptop,4,650.98,New
331,2025-02-13,South,Laptop,1,626.3,Returning
967,2025-02-13,West,Laptop,1,564.94,Returning
189,2025-02-13,North,Laptop,2,1431.08,Returning
638,2025-02-14,South,Monitor,5,967.96,Returning
605,2025-02-14,East,Monitor,2,878.19,Returning
835,2025-02-14,North,Tablet,5,934.42,Returning
940,2025-02-14,West,Tablet,1,1187.1,New
99,2025-02-14,North,Tablet,2,906.13,New
738,2025-02-14,South,Monitor,2,1352.45,New
377,2025-02-14,North,Accessories,5,1218.47,New
164,2025-02-14,East,Tablet,4,681.22,New
640,2025-02-14,South,Accessories,3,692.44,New
619,2025-02-14,East,Laptop,4,497.99,New
337,2025-02-15,South,Phone,3,669.87,New
351,2025-02-15,West,Laptop,5,825.79,New
690,2025-02-15,South,Monitor,2,1051.49,New
333,2025-02-15,West,Laptop,5,417.37,Returning
503,2025-02-15,North,Monitor,2,932.19,New
830,2025-02-15,West,Monitor,4,339.28,Returning
586,2025-02-15,South,Accessories,3,1186.47,Returning
758,2025-02-16,North,Laptop,2,1087.02,New
852,2025-02-16,North,Phone,1,115.91,Returning
354,2025-02-16,West,Phone,3,658.11,New
950,2025-02-16,East,Monitor,1,205.23,New
413,2025-02-16,South,Laptop,3,1123.91,Returning
61,2025-02-16,North,Monitor,4,866.82,New
455,2025-02-16,North,Laptop,2,1158.96,Returning
839,2025-02-16,West,Laptop,5,59.33,Returning
642,2025-02-16,East,Monitor,2,1298.52,New
36,2025-02-16,North,Monitor,1,971.39,New
133,2025-02-16,South,Phone,3,800.51,Returning
695,2025-02-16,North,Accessories,3,594.39,New
652,2025-02-16,West,Accessories,2,965.88,New
271,2025-02-17,South,Accessories,1,52.93,New
299,2025-02-17,West,Laptop,2,1220.42,New
843,2025-02-17,West,Tablet,5,1152.62,New
124,2025-02-17,East,Monitor,5,369.71,New
306,2025-02-17,East,Accessories,5,842.97,Returning
264,2025-02-17,West,Monitor,4,591.23,Returning
436,2025-02-17,East,Laptop,5,651.37,New
462,2025-02-17,West,Accessories,2,1026.21,New
365,2025-02-17,East,Tablet,5,1083.79,Returning
81,2025-02-17,North,Phone,4,478.1,New
324,2025-02-17,South,Laptop,5,589.69,New
548,2025-02-18,East,Tablet,3,1309.53,New
28,2025-02-18,East,Monitor,1,50.64,New
527,2025-02-18,South,Monitor,5,1084.19,Returning
983,2025-02-18,West,Accessories,3,159.71,New
653,2025-02-18,West,Accessories,1,128.87,Returning
705,2025-02-18,East,Laptop,3,1175.07,Returning
400,2025-02-18,South,Accessories,4,1202.0,Returning
714,2025-02-18,West,Tablet,4,1194.64,Returning
329,2025-02-18,West,Monitor,4,460.79,Returning
832,2025-02-18,South,Tablet,4,393.77,Returning
987,2025-02-19,East,Phone,3,378.1,New
591,2025-02-19,East,Laptop,4,682.81,New
751,2025-02-19,East,Laptop,3,501.95,New
677,2025-02-19,West,Tablet,5,897.52,New
962,2025-02-19,South,Monitor,5,248.78,Returning
66,2025-02-19,West,Phone,3,673.65,Returning
369,2025-02-19,East,Monitor,5,212.23,New
485,2025-02-19,South,Phone,3,457.28,Returning
769,2025-02-19,East,Accessories,5,865.71,Returning
254,2025-02-19,East,Tablet,4,299.56,New
814,2025-02-19,West,Tablet,1,881.17,Returning
765,2025-02-20,North,Monitor,5,1013.09,New
313,2025-02-20,West,Tablet,5,1371.71,New
737,2025-02-20,East,Tablet,2,296.67,New
773,2025-02-20,North,Tablet,1,808.0,New
391,2025-02-20,East,Monitor,2,591.6,New
38,2025-02-20,North,Monitor,2,97.3,New
42,2025-02-20,South,Accessories,5,951.96,New
188,2025-02-20,West,Phone,5,1085.9,Returning
449,2025-02-20,North,Tablet,5,768.77,New
147,2025-02-20,North,Monitor,5,280.59,Returning
490,2025-02-20,South,Accessories,4,1127.47,Returning
931,2025-02-20,South,Phone,4,57.29,New
939,2025-02-20,South,Accessories,1,1415.22,New
816,2025-02-20,North,Accessories,5,1483.36,New
780,2025-02-20,South,Monitor,1,1209.59,New
850,2025-02-21,East,Phone,1,1027.88,New
775,2025-02-21,North,Laptop,5,1001.28,New
899,2025-02-21,North,Phone,5,478.7,Returning
1,2025-02-21,East,Tablet,2,1431.7,New
245,2025-02-21,East,Accessories,4,157.36,Returning
195,2025-02-21,West,Tablet,4,509.0,New
149,2025-02-21,East,Monitor,4,192.44,New
470,2025-02-21,West,Phone,5,1141.33,New
401,2025-02-21,North,Phone,4,1332.35,New
563,2025-02-21,West,Accessories,2,816.65,Returning
198,2025-02-21,East,Laptop,4,152.79,Returning
557,2025-02-21,North,Monitor,3,675.08,Returning
416,2025-02-21,North,Phone,2,1194.68,New
795,2025-02-22,East,Laptop,5,1125.32,Returning
14,2025-02-22,South,Monitor,3,1261.34,New
213,2025-02-22,South,Tablet,5,1323.08,New
54,2025-02-22,West,Laptop,2,381.61,New
907,2025-02-22,North,Phone,4,1033.27,Returning
338,2025-02-22,North,Tablet,5,349.02,New
91,2025-02-22,North,Laptop,2,797.71,New
408,2025-02-22,South,Phone,2,646.09,Returning
727,2025-02-22,West,Laptop,2,275.58,New
570,2025-02-22,South,Tablet,4,1176.35,New
725,2025-02-22,West,Laptop,4,215.93,Returning
565,2025-02-22,South,Phone,4,721.52,New
289,2025-02-23,South,Laptop,4,1102.3,Returning
612,2025-02-23,East,Monitor,3,69.86,New
658,2025-02-23,West,Phone,5,1134.3,Returning
276,2025-02-23,South,Laptop,5,358.97,New
405,2025-02-23,North,Laptop,2,69.21,Returning
70,2025-02-23,North,Phone,4,1156.51,New
314,2025-02-23,South,Phone,3,92.78,Returning
208,2025-02-23,East,Monitor,4,616.49,Returning
72,2025-02-23,North,Laptop,1,1338.89,New
754,2025-02-23,East,Tablet,2,1319.34,New
749,2025-02-23,South,Laptop,1,1181.81,New
348,2025-02-23,East,Accessories,1,975.03,Returning
801,2025-02-24,South,Tablet,4,761.61,New
719,2025-02-24,South,Tablet,4,1416.46,Returning
220,2025-02-24,West,Tablet,3,154.56,Returning
425,2025-02-24,South,Monitor,5,894.11,Returning
39,2025-02-24,East,Laptop,2,133.67,Returning
414,2025-02-24,South,Phone,3,1301.31,New
917,2025-02-24,South,Laptop,3,1487.96,Returning
535,2025-02-24,West,Monitor,5,678.09,New
786,2025-02-25,West,Accessories,1,1340.33,Returning
903,2025-02-25,East,Accessories,5,558.1,Returning
808,2025-02-25,North,Phone,5,1189.18,Returning
699,2025-02-25,East,Laptop,1,340.8,Returning
632,2025-02-25,North,Monitor,3,889.32,Returning
853,2025-02-25,North,Monitor,4,987.57,Returning
203,2025-02-25,East,Phone,1,960.59,Returning
841,2025-02-25,West,Accessories,5,1068.61,Returning
865,2025-02-25,North,Monitor,1,1142.91,New
222,2025-02-25,North,Accessories,4,603.09,Returning
877,2025-02-26,South,Monitor,1,874.27,New
933,2025-02-26,South,Accessories,3,1361.91,New
568,2025-02-26,East,Laptop,1,1244.46,Returning
375,2025-02-26,West,Tablet,5,1248.41,Returning
756,2025-02-26,South,Monitor,4,1477.14,Returning
451,2025-02-26,North,Laptop,5,686.69,Returning
662,2025-02-26,North,Accessories,5,111.4,New
650,2025-02-26,North,Monitor,3,209.59,Returning
166,2025-02-26,South,Phone,5,502.38,Returning
252,2025-02-26,East,Accessories,1,258.72,New
675,2025-02-27,East,Laptop,4,1432.63,New
636,2025-02-27,West,Laptop,5,588.65,Returning
197,2025-02-27,South,Accessories,3,777.2,Returning
516,2025-02-27,North,Monitor,5,200.33,Returning
572,2025-02-27,North,Tablet,1,719.21,New
398,2025-02-27,East,Laptop,5,555.89,Returning
424,2025-02-27,North,Accessories,3,970.23,Returning
473,2025-02-27,North,Accessories,1,344.98,New
433,2025-02-27,South,Tablet,3,1136.62,Returning
397,2025-02-27,South,Accessories,2,1251.86,New
25,2025-02-27,West,Monitor,2,406.42,Returning
393,2025-02-27,East,Laptop,2,386.09,New
621,2025-02-27,South,Tablet,4,791.87,Returning
583,2025-02-27,South,Laptop,3,1245.27,Returning
349,2025-02-27,North,Accessories,2,1258.78,Returning
237,2025-02-28,West,Monitor,1,199.53,New
232,2025-02-28,East,Monitor,3,1414.85,Returning
308,2025-02-28,West,Tablet,4,1066.26,Returning
546,2025-02-28,East,Laptop,2,919.67,Returning
205,2025-02-28,East,Phone,5,286.08,New
904,2025-02-28,South,Monitor,4,1373.75,New
864,2025-02-28,South,Phone,4,1204.21,New
902,2025-02-28,South,Tablet,4,784.18,Returning
159,2025-02-28,South,Monitor,1,1014.46,Returning
192,2025-02-28,North,Laptop,4,1222.75,Returning
712,2025-02-28,South,Tablet,2,493.77,New
29,2025-02-28,North,Accessories,5,1357.01,Returning
676,2025-03-01,East,Monitor,5,1328.34,Returning
373,2025-03-01,North,Accessories,3,1132.83,New
95,2025-03-01,East,Monitor,4,1399.96,New
339,2025-03-01,South,Tablet,4,1209.59,New
998,2025-03-01,East,Monitor,3,407.05,New
409,2025-03-01,South,Tablet,5,1096.8,Returning
406,2025-03-01,East,Monitor,3,479.12,Returning
261,2025-03-01,North,Tablet,1,852.4,Returning
986,2025-03-01,East,Monitor,2,898.36,New
57,2025-03-01,West,Tablet,1,1035.35,New
31,2025-03-01,North,Phone,2,1485.63,New
21,2025-03-01,South,Accessories,1,307.94,New
50,2025-03-01,South,Phone,5,1462.84,Returning
815,2025-03-02,West,Monitor,4,539.59,New
611,2025-03-02,West,Phone,1,638.72,Returning
624,2025-03-02,West,Laptop,1,651.48,Returning
323,2025-03-02,West,Accessories,1,912.46,New
4,2025-03-02,South,Tablet,5,1288.62,New
822,2025-03-02,West,Tablet,2,1139.93,New
844,2025-03-02,North,Phone,5,793.74,Returning
292,2025-03-02,South,Accessories,2,361.27,New
489,2025-03-02,West,Tablet,2,313.5,Returning
641,2025-03-02,South,Monitor,2,766.51,Returning
440,2025-03-02,North,Tablet,1,647.2,New
550,2025-03-02,South,Phone,1,1131.34,New
34,2025-03-03,East,Laptop,3,793.44,Returning
629,2025-03-03,West,Laptop,1,1112.86,Returning
173,2025-03-03,East,Laptop,2,230.36,Returning
35,2025-03-03,North,Laptop,1,748.25,Returning
395,2025-03-03,West,Monitor,1,1360.16,New
176,2025-03-03,East,Monitor,2,1272.75,New
86,2025-03-03,South,Laptop,3,119.08,New
37,2025-03-03,North,Monitor,1,181.55,New
932,2025-03-03,North,Tablet,4,137.14,Returning
179,2025-03-03,East,Phone,1,776.58,New
456,2025-03-03,South,Phone,3,1034.4,Returning
196,2025-03-03,North,Accessories,1,1233.8,New
985,2025-03-03,East,Tablet,1,183.64,New
126,2025-03-03,South,Phone,5,836.58,Returning
428,2025-03-03,South,Monitor,3,500.95,Returning
165,2025-03-03,North,Tablet,2,846.5,New
914,2025-03-03,South,Laptop,4,504.09,Returning
541,2025-03-03,North,Accessories,5,651.71,Returning
79,2025-03-03,South,Phone,4,972.26,Returning
741,2025-03-03,North,Monitor,1,1480.76,Returning
915,2025-03-03,North,Monitor,1,1281.82,New
532,2025-03-03,South,Monitor,5,280.08,Returning
186,2025-03-03,North,Laptop,1,221.81,New
148,2025-03-04,West,Monitor,1,311.28,New
340,2025-03-04,East,Phone,1,533.73,New
774,2025-03-04,East,Phone,2,732.76,Returning
108,2025-03-04,East,Phone,3,125.26,Returning
842,2025-03-04,West,Tablet,2,942.12,Returning
394,2025-03-04,West,Tablet,4,511.98,Returning
422,2025-03-04,South,Phone,3,1328.41,New
630,2025-03-04,North,Monitor,1,1030.38,Returning
442,2025-03-04,North,Phone,1,345.32,Returning
974,2025-03-04,East,Monitor,4,808.56,New
709,2025-03-04,North,Monitor,1,624.14,Returning
682,2025-03-04,East,Monitor,3,187.62,Returning
389,2025-03-04,South,Laptop,1,1190.22,Returning
73,2025-03-04,East,Laptop,2,839.53,Returning
872,2025-03-05,East,Accessories,3,1387.43,Returning
767,2025-03-05,East,Tablet,2,115.19,Returning
328,2025-03-05,South,Tablet,3,765.58,Returning
441,2025-03-05,East,Monitor,1,1142.71,Returning
680,2025-03-05,South,Accessories,5,163.91,New
954,2025-03-05,South,Accessories,5,925.51,New
20,2025-03-05,North,Laptop,1,1221.71,New
526,2025-03-05,East,Accessories,1,350.5,Returning
901,2025-03-05,West,Monitor,2,919.46,New
321,2025-03-05,West,Laptop,1,362.25,New
996,2025-03-05,West,Phone,2,1134.83,Returning
999,2025-03-05,West,Accessories,3,664.14,New
40,2025-03-05,East,Laptop,1,694.33,Returning
973,2025-03-06,East,Phone,4,1315.88,Returning
753,2025-03-06,North,Phone,3,302.65,Returning
379,2025-03-06,North,Accessories,5,1390.61,Returning
100,2025-03-06,East,Tablet,2,138.93,Returning
600,2025-03-06,South,Accessories,3,1403.68,New
132,2025-03-06,South,Monitor,3,440.08,New
742,2025-03-06,North,Tablet,5,443.48,New
703,2025-03-06,West,Monitor,5,947.54,Returning
494,2025-03-06,North,Accessories,1,703.19,New
934,2025-03-07,South,Tablet,3,988.9,Returning
925,2025-03-07,West,Phone,3,1079.69,Returning
593,2025-03-07,West,Accessories,1,186.77,Returning
763,2025-03-07,South,Phone,4,843.49,Returning
386,2025-03-07,West,Monitor,1,1250.77,Returning
162,2025-03-07,South,Monitor,3,1158.84,Returning
288,2025-03-07,West,Monitor,1,369.7,Returning
796,2025-03-07,West,Phone,4,455.15,Returning
357,2025-03-07,South,Monitor,5,918.33,New
697,2025-03-07,East,Laptop,5,1332.65,New
445,2025-03-08,East,Laptop,3,884.34,New
889,2025-03-08,East,Phone,1,460.06,New
303,2025-03-08,West,Accessories,3,685.66,Returning
618,2025-03-08,North,Phone,2,1073.93,Returning
810,2025-03-08,South,Accessories,2,1411.4,New
345,2025-03-08,South,Phone,3,1191.69,New
350,2025-03-08,East,Phone,5,774.18,Returning
241,2025-03-08,East,Tablet,1,325.23,Returning
811,2025-03-08,South,Monitor,1,1346.28,Returning
493,2025-03-08,West,Monitor,4,1473.48,New
887,2025-03-09,North,Monitor,4,675.11,Returning
945,2025-03-09,East,Phone,5,1291.39,New
219,2025-03-09,North,Laptop,3,1032.43,Returning
295,2025-03-09,North,Phone,4,1127.1,Returning
515,2025-03-09,West,Monitor,2,188.29,New
411,2025-03-09,South,Accessories,2,759.6,Returning
792,2025-03-10,West,Phone,5,634.02,Returning
468,2025-03-10,East,Monitor,2,1110.41,Returning
266,2025-03-10,South,Monitor,2,703.5,Returning
475,2025-03-10,East,Monitor,4,463.99,New
722,2025-03-10,North,Laptop,5,818.33,Returning
457,2025-03-10,North,Tablet,3,1170.83,New
560,2025-03-10,South,Laptop,5,973.3,Returning
694,2025-03-10,North,Phone,2,1041.01,New
226,2025-03-10,South,Laptop,3,218.48,New
322,2025-03-10,East,Laptop,2,915.79,Returning
984,2025-03-10,South,Monitor,5,574.24,Returning
443,2025-03-10,East,Laptop,4,524.95,Returning
454,2025-03-10,North,Laptop,4,215.71,New
403,2025-03-11,South,Monitor,1,719.67,New
905,2025-03-11,East,Laptop,4,542.67,New
943,2025-03-11,West,Phone,1,411.71,Returning
825,2025-03-11,South,Laptop,4,127.6,Returning
227,2025-03-11,South,Monitor,4,1182.44,Returning
608,2025-03-11,North,Monitor,1,1443.68,Returning
233,2025-03-11,North,Phone,3,1376.36,New
910,2025-03-11,East,Tablet,5,681.68,New
182,2025-03-11,North,Accessories,4,834.07,New
217,2025-03-11,West,Monitor,3,171.68,New
911,2025-03-11,West,Monitor,4,1202.0,New
58,2025-03-12,East,Tablet,5,376.09,New
158,2025-03-12,North,Phone,4,359.42,New
603,2025-03-12,East,Monitor,4,58.29,New
554,2025-03-12,West,Tablet,4,693.6,Returning
102,2025-03-12,West,Monitor,4,1098.54,New
244,2025-03-12,North,Tablet,1,803.57,Returning
183,2025-03-13,East,Laptop,3,672.91,Returning
3,2025-03-13,North,Accessories,1,619.55,Returning
623,2025-03-13,East,Accessories,3,1410.7,Returning
280,2025-03-13,East,Phone,5,956.55,New
120,2025-03-13,South,Accessories,1,231.77,New
83,2025-03-13,South,Phone,3,717.0,Returning
745,2025-03-13,West,Accessories,5,1074.68,New
667,2025-03-13,West,Accessories,3,1043.82,New
1000,2025-03-13,South,Phone,5,1200.68,Returning
119,2025-03-14,West,Monitor,3,443.59,Returning
735,2025-03-14,South,Phone,2,488.59,Returning
837,2025-03-14,North,Phone,1,1189.43,New
684,2025-03-14,South,Monitor,1,1068.83,New
45,2025-03-14,West,Tablet,1,882.07,Returning
975,2025-03-14,North,Tablet,1,1064.55,New
524,2025-03-14,East,Laptop,4,1149.83,Returning
231,2025-03-14,North,Accessories,1,521.62,New
875,2025-03-15,East,Phone,5,339.77,Returning
614,2025-03-15,West,Tablet,1,502.68,Returning
730,2025-03-15,East,Tablet,1,368.57,New
511,2025-03-15,South,Phone,5,1255.48,Returning
78,2025-03-15,South,Phone,2,97.57,Returning
497,2025-03-15,East,Phone,5,385.75,New
729,2025-03-15,North,Tablet,3,964.34,Returning
788,2025-03-15,North,Tablet,4,789.72,Returning
582,2025-03-15,North,Accessories,3,1338.27,Returning
665,2025-03-15,West,Phone,1,1425.68,Returning
936,2025-03-16,East,Accessories,1,306.93,New
927,2025-03-16,West,Laptop,3,545.07,Returning
803,2025-03-16,West,Laptop,4,1359.63,New
646,2025-03-16,South,Monitor,1,1426.34,Returning
8,2025-03-16,North,Monitor,5,714.44,New
978,2025-03-16,West,Phone,4,1416.86,Returning
578,2025-03-16,East,Phone,5,364.98,Returning
989,2025-03-16,South,Tablet,2,1186.08,New
517,2025-03-16,North,Tablet,5,120.55,New
799,2025-03-16,East,Accessories,2,289.69,Returning
764,2025-03-16,South,Accessories,3,1488.07,New
174,2025-03-16,North,Tablet,1,1206.44,Returning
221,2025-03-16,North,Accessories,2,347.83,New
663,2025-03-16,South,Accessories,4,890.6,Returning
279,2025-03-16,East,Phone,4,1169.84,Returning
9,2025-03-16,North,Phone,3,1182.96,New
913,2025-03-16,East,Tablet,3,256.27,Returning
992,2025-03-17,West,Monitor,3,1302.03,New
24,2025-03-17,East,Phone,4,418.04,Returning
580,2025-03-17,East,Phone,5,432.81,Returning
552,2025-03-17,West,Phone,4,897.77,Returning
446,2025-03-17,West,Accessories,2,82.11,Returning
458,2025-03-17,West,Accessories,4,1429.59,Returning
668,2025-03-17,West,Accessories,2,86.2,New
383,2025-03-17,South,Monitor,4,1126.67,New
307,2025-03-17,East,Laptop,3,1022.48,Returning
628,2025-03-18,North,Accessories,1,975.57,Returning
739,2025-03-18,North,Tablet,1,1176.36,Returning
146,2025-03-18,West,Monitor,4,700.78,New
180,2025-03-18,West,Accessories,1,1073.98,Returning
715,2025-03-18,East,Laptop,4,653.52,New
797,2025-03-18,North,Accessories,1,240.9,Returning
687,2025-03-18,South,Tablet,4,1377.72,New
958,2025-03-18,East,Phone,2,754.44,Returning
859,2025-03-19,West,Monitor,2,958.17,New
988,2025-03-19,North,Phone,2,1348.76,New
734,2025-03-19,North,Accessories,1,562.86,New
556,2025-03-19,North,Accessories,4,1439.82,New
84,2025-03-19,North,Phone,2,187.83,Returning
134,2025-03-19,North,Tablet,5,439.83,Returning
63,2025-03-19,South,Monitor,5,523.19,Returning
833,2025-03-19,West,Laptop,3,1425.33,New
453,2025-03-19,South,Accessories,4,792.81,Returning
191,2025-03-20,South,Laptop,3,1325.04,New
778,2025-03-20,South,Laptop,5,1004.22,Returning
929,2025-03-20,North,Accessories,5,1374.19,New
142,2025-03-20,West,Phone,2,1182.06,New
772,2025-03-20,West,Phone,3,72.94,New
760,2025-03-20,South,Laptop,5,577.52,New
851,2025-03-20,North,Phone,3,1156.2,Returning
935,2025-03-20,West,Laptop,1,445.91,New
644,2025-03-21,South,Phone,4,1412.9,Returning
291,2025-03-21,East,Tablet,1,1122.14,New
802,2025-03-21,West,Tablet,1,639.51,Returning
32,2025-03-21,East,Tablet,4,1434.53,New
479,2025-03-21,West,Tablet,4,636.62,New
89,2025-03-21,East,Tablet,3,561.27,Returning
272,2025-03-21,South,Laptop,4,302.42,New
234,2025-03-21,West,Phone,3,66.65,Returning
110,2025-03-22,West,Phone,3,499.62,Returning
781,2025-03-22,East,Phone,4,228.69,New
721,2025-03-22,South,Monitor,4,685.76,New
64,2025-03-22,East,Monitor,4,1267.51,New
845,2025-03-22,East,Laptop,2,1070.92,New
507,2025-03-22,East,Accessories,2,115.71,New
204,2025-03-22,South,Tablet,5,408.89,Returning
820,2025-03-23,North,Laptop,1,806.83,Returning
529,2025-03-23,West,Laptop,3,1010.6,New
90,2025-03-23,West,Tablet,4,1245.94,New
249,2025-03-23,South,Monitor,5,964.52,Returning
770,2025-03-23,South,Accessories,1,1159.48,New
287,2025-03-23,East,Laptop,5,1412.49,Returning
693,2025-03-23,West,Accessories,4,1465.47,New
558,2025-03-24,East,Phone,1,846.55,New
6,2025-03-24,South,Laptop,5,499.5,New
895,2025-03-24,South,Laptop,4,973.79,New
598,2025-03-24,South,Laptop,1,1248.65,Returning
731,2025-03-24,South,Laptop,4,79.76,Returning
686,2025-03-25,South,Phone,2,384.65,Returning
926,2025-03-25,North,Accessories,5,445.78,Returning
972,2025-03-25,East,Monitor,3,203.49,Returning
947,2025-03-25,West,Accessories,4,1148.32,New
56,2025-03-25,West,Laptop,3,264.86,Returning
171,2025-03-25,West,Phone,3,73.29,Returning
790,2025-03-25,North,Accessories,3,793.7,New
482,2025-03-25,East,Accessories,3,644.12,Returning
542,2025-03-25,North,Phone,3,1083.53,Returning
283,2025-03-25,West,Phone,1,959.86,New
885,2025-03-25,South,Accessories,4,511.17,New
733,2025-03-26,East,Monitor,1,580.11,New
645,2025-03-26,South,Accessories,2,780.81,Returning
564,2025-03-26,North,Tablet,3,1247.58,Returning
341,2025-03-26,East,Phone,5,1304.53,Returning
707,2025-03-26,North,Phone,3,553.89,New
761,2025-03-26,East,Phone,3,326.55,New
88,2025-03-26,East,Accessories,3,1172.16,Returning
463,2025-03-26,South,Laptop,3,641.77,Returning
130,2025-03-27,North,Tablet,4,1143.05,Returning
450,2025-03-27,North,Phone,1,1403.03,New
891,2025-03-27,North,Tablet,1,474.15,New
399,2025-03-27,North,Phone,3,806.32,New
840,2025-03-27,East,Phone,4,1170.15,New
711,2025-03-27,West,Monitor,2,1343.24,New
390,2025-03-27,West,Accessories,4,966.71,New
160,2025-03-27,West,Phone,5,278.12,Returning
228,2025-03-27,West,Monitor,1,1188.64,Returning
854,2025-03-27,South,Laptop,4,378.77,Returning
601,2025-03-27,West,Monitor,2,1211.95,Returning
355,2025-03-27,North,Accessories,1,775.12,New
879,2025-03-27,South,Accessories,2,355.63,Returning
544,2025-03-27,South,Laptop,3,903.33,Returning
309,2025-03-27,East,Monitor,4,345.84,New
7,2025-03-28,East,Phone,2,386.46,Returning
506,2025-03-28,North,Monitor,3,585.75,New
577,2025-03-28,West,Phone,4,268.38,New
661,2025-03-28,North,Laptop,5,346.04,New
388,2025-03-28,South,Phone,5,1223.52,Returning
858,2025-03-28,South,Laptop,4,228.93,New
209,2025-03-28,East,Laptop,1,327.57,Returning
85,2025-03-28,South,Monitor,3,1248.78,Returning
384,2025-03-28,South,Tablet,2,161.12,New
343,2025-03-28,South,Tablet,1,1296.74,New
194,2025-03-29,East,Phone,4,956.29,Returning
860,2025-03-29,East,Tablet,4,453.78,Returning
127,2025-03-29,East,Tablet,5,266.92,Returning
777,2025-03-29,West,Laptop,3,1046.21,New
10,2025-03-29,North,Accessories,2,1442.24,Returning
791,2025-03-29,South,Tablet,4,1310.93,New
107,2025-03-29,East,Monitor,3,1329.96,New
16,2025-03-29,West,Monitor,5,596.63,Returning
104,2025-03-29,South,Phone,2,345.19,New
520,2025-03-30,East,Tablet,5,844.65,Returning
543,2025-03-30,North,Tablet,3,610.01,Returning
253,2025-03-30,West,Phone,1,913.27,New
604,2025-03-30,South,Accessories,4,725.45,Returning
873,2025-03-30,North,Accessories,1,1058.66,Returning
175,2025-03-30,North,Phone,3,943.07,Returning
538,2025-03-30,West,Accessories,5,835.39,Returning
284,2025-03-30,North,Laptop,5,609.14,Returning
27,2025-03-30,West,Accessories,1,1347.23,New
437,2025-03-30,North,Phone,2,1143.1,New
101,2025-03-30,West,Monitor,4,575.16,New
49,2025-03-30,South,Phone,3,1322.17,New
94,2025-03-30,West,Phone,1,470.54,New
710,2025-03-30,East,Accessories,1,1020.5,New
508,2025-03-31,South,Accessories,3,557.42,New
856,2025-03-31,East,Phone,3,729.08,New
427,2025-03-31,North,Tablet,5,357.25,New
75,2025-03-31,North,Laptop,3,420.2,New
215,2025-03-31,North,Laptop,3,408.34,Returning
834,2025-03-31,East,Monitor,3,1419.77,Returning
426,2025-03-31,West,Phone,2,221.7,Returning
829,2025-03-31,East,Laptop,1,853.79,Returning
240,2025-03-31,West,Laptop,5,855.47,New
53,2025-03-31,East,Laptop,3,1140.07,Returning
144,2025-03-31,West,Monitor,3,299.53,Returning
460,2025-03-31,South,Tablet,1,936.44,Returning
461,2025-03-31,South,Phone,3,1293.1,New
615,2025-03-31,North,Accessories,3,72.83,New
260,2025-03-31,North,Laptop,3,183.54,New
360,2025-03-31,East,Monitor,1,641.07,New
512,2025-03-31,North,Laptop,5,1271.37,New
138,2025-03-31,West,Laptop,4,1426.35,Returning
673,2025-03-31,South,Laptop,3,1369.81,Returning
880,2025-03-31,South,Monitor,4,856.86,New
952,2025-03-31,East,Accessories,3,1108.08,Returning
